"Series_reference","Period","Type","Data_value","Lower_CI","Upper_CI","Units","Indicator","Cause","Validation","Population","Age","Severity"
"W_A11","2000-02","Moving average","59.6666666666666","50.9258230199682","68.407510313365","Injuries","Number","Assault","Validated","Whole pop","All ages","Fatal"
"W_A11","2001-03","Moving average","60","51.2347745942341","68.7652254057658","Injuries","Number","Assault","Validated","Whole pop","All ages","Fatal"
"W_A11","2002-04","Moving average","59","50.308125050352","67.6918749496479","Injuries","Number","Assault","Validated","Whole pop","All ages","Fatal"
"W_A11","2003-05","Moving average","59","50.308125050352","67.6918749496479","Injuries","Number","Assault","Validated","Whole pop","All ages","Fatal"
"W_A11","2004-06","Moving average","61.3333333333333","52.4712516678722","70.1954149987944","Injuries","Number","Assault","Validated","Whole pop","All ages","Fatal"
"W_A11","2005-07","Moving average","63","54.0183166814579","71.981683318542","Injuries","Number","Assault","Validated","Whole pop","All ages","Fatal"
"W_A11","2006-08","Moving average","57.3333333333333","48.7651044410217","65.9015622256449","Injuries","Number","Assault","Validated","Whole pop","All ages","Fatal"
"W_A11","2007-09","Moving average","63.6666666666666","54.6375862732774","72.6957470600559","Injuries","Number","Assault","Validated","Whole pop","All ages","Fatal"
"W_A11","2008-10","Moving average","64","54.9473141273906","73.0526858726093","Injuries","Number","Assault","Validated","Whole pop","All ages","Fatal"
"W_A11","2009-11","Moving average","64.3333333333333","55.2571033744794","73.4095632921872","Injuries","Number","Assault","Validated","Whole pop","All ages","Fatal"
"W_A11","2010-12","Moving average","55.3333333333333","46.9158768407868","63.7507898258798","Injuries","Number","Assault","Validated","Whole pop","All ages","Fatal"
"W_A11","2011-13","Moving average","54.3333333333333","45.992284986132","62.6743816805346","Injuries","Number","Assault","Validated","Whole pop","All ages","Fatal"
"W_A11","2012-14","Moving average","51.3333333333333","43.225828864654","59.4408378020126","Injuries","Number","Assault","Validated","Whole pop","All ages","Fatal"
"W_A11","2013-15","Moving average","52","43.8400192264096","60.1599807735904","Injuries","Number","Assault","Validated","Whole pop","All ages","Fatal"
"W_A11","2014-16","Moving average","54","45.6845770539019","62.315422946098","Injuries","Number","Assault","Validated","Whole pop","All ages","Fatal"
"W_A11","2015-17","Moving average","52.3333333333333","44.1472405545273","60.5194261121393","Injuries","Number","Assault","Validated","Whole pop","All ages","Fatal"
"W_A11","2016-18","Moving average","53.3333333333333","45.0693995692725","61.5972670973941","Injuries","Number","Assault","Validated","Whole pop","All ages","Fatal"
"W_A12","2000-02","Moving average","1.54334312064924","1.31706323799652","1.76962300330196","Per 100,000 people","Age-standardised rate","Assault","Validated","Whole pop","All ages","Fatal"
"W_A12","2001-03","Moving average","1.52551030167286","1.30260589374312","1.7484147096026","Per 100,000 people","Age-standardised rate","Assault","Validated","Whole pop","All ages","Fatal"
"W_A12","2002-04","Moving average","1.46485587307892","1.24905343124741","1.68065831491044","Per 100,000 people","Age-standardised rate","Assault","Validated","Whole pop","All ages","Fatal"
"W_A12","2003-05","Moving average","1.44434037786666","1.23153885550864","1.65714190022469","Per 100,000 people","Age-standardised rate","Assault","Validated","Whole pop","All ages","Fatal"
"W_A12","2004-06","Moving average","1.48813684616528","1.27303262715588","1.70324106517468","Per 100,000 people","Age-standardised rate","Assault","Validated","Whole pop","All ages","Fatal"
"W_A12","2005-07","Moving average","1.50869261238128","1.29340549837071","1.72397972639185","Per 100,000 people","Age-standardised rate","Assault","Validated","Whole pop","All ages","Fatal"
"W_A12","2006-08","Moving average","1.35602462392627","1.15307192451194","1.55897732334061","Per 100,000 people","Age-standardised rate","Assault","Validated","Whole pop","All ages","Fatal"
"W_A12","2007-09","Moving average","1.50409450188503","1.29034175058752","1.71784725318254","Per 100,000 people","Age-standardised rate","Assault","Validated","Whole pop","All ages","Fatal"
"W_A12","2008-10","Moving average","1.5030798300038","1.28976264511255","1.71639701489505","Per 100,000 people","Age-standardised rate","Assault","Validated","Whole pop","All ages","Fatal"
"W_A12","2009-11","Moving average","1.49111217585421","1.27982204180422","1.7024023099042","Per 100,000 people","Age-standardised rate","Assault","Validated","Whole pop","All ages","Fatal"
"W_A12","2010-12","Moving average","1.25984606439269","1.06708405824065","1.45260807054472","Per 100,000 people","Age-standardised rate","Assault","Validated","Whole pop","All ages","Fatal"
"W_A12","2011-13","Moving average","1.23824370827279","1.04677968143888","1.42970773510671","Per 100,000 people","Age-standardised rate","Assault","Validated","Whole pop","All ages","Fatal"
"W_A12","2012-14","Moving average","1.16604432326367","0.98017643271704","1.3519122138103","Per 100,000 people","Age-standardised rate","Assault","Validated","Whole pop","All ages","Fatal"
"W_A12","2013-15","Moving average","1.15160363559652","0.96918341491004","1.33402385628299","Per 100,000 people","Age-standardised rate","Assault","Validated","Whole pop","All ages","Fatal"
"W_A12","2014-16","Moving average","1.17020632912301","0.98808345648402","1.352329201762","Per 100,000 people","Age-standardised rate","Assault","Validated","Whole pop","All ages","Fatal"
"W_A12","2015-17","Moving average","1.10841952581786","0.93288072680349","1.28395832483222","Per 100,000 people","Age-standardised rate","Assault","Validated","Whole pop","All ages","Fatal"
"W_A12","2016-18","Moving average","1.1028764808199","0.92962767106039","1.2761252905794","Per 100,000 people","Age-standardised rate","Assault","Validated","Whole pop","All ages","Fatal"
"W_F11B","2000-02","Moving average","64.3333333333333","55.2571033744794","73.4095632921872","Injuries","Number","Falls","Validated","Whole pop","0-74 years","Fatal"
"W_F11B","2001-03","Moving average","68.6666666666666","59.289741578019","78.0435917553143","Injuries","Number","Falls","Validated","Whole pop","0-74 years","Fatal"
"W_F11B","2002-04","Moving average","79","68.9422459956702","89.0577540043298","Injuries","Number","Falls","Validated","Whole pop","0-74 years","Fatal"
"W_F11B","2003-05","Moving average","83.3333333333333","73.0034161282573","93.6632505384093","Injuries","Number","Falls","Validated","Whole pop","0-74 years","Fatal"
"W_F11B","2004-06","Moving average","86","75.5061056072321","96.4938943927678","Injuries","Number","Falls","Validated","Whole pop","0-74 years","Fatal"
"W_F11B","2005-07","Moving average","80.3333333333333","70.1910589018741","90.4756077647925","Injuries","Number","Falls","Validated","Whole pop","0-74 years","Fatal"
"W_F11B","2006-08","Moving average","86","75.5061056072321","96.4938943927678","Injuries","Number","Falls","Validated","Whole pop","0-74 years","Fatal"
"W_F11B","2007-09","Moving average","91","80.2053600850056","101.794639914994","Injuries","Number","Falls","Validated","Whole pop","0-74 years","Fatal"
"W_F11B","2008-10","Moving average","98","86.7978727551709","109.202127244829","Injuries","Number","Falls","Validated","Whole pop","0-74 years","Fatal"
"W_F11B","2009-11","Moving average","96","84.9127694052025","107.087230594797","Injuries","Number","Falls","Validated","Whole pop","0-74 years","Fatal"
"W_F11B","2010-12","Moving average","94","83.0288692599585","104.971130740041","Injuries","Number","Falls","Validated","Whole pop","0-74 years","Fatal"
"W_F11B","2011-13","Moving average","86.3333333333333","75.8191216042297","96.8475450624369","Injuries","Number","Falls","Validated","Whole pop","0-74 years","Fatal"
"W_F11B","2012-14","Moving average","88.3333333333333","77.6980326402852","98.9686340263814","Injuries","Number","Falls","Validated","Whole pop","0-74 years","Fatal"
"W_F11B","2013-15","Moving average","86.3333333333333","75.8191216042297","96.8475450624369","Injuries","Number","Falls","Validated","Whole pop","0-74 years","Fatal"
"W_F11B","2014-16","Moving average","91","80.2053600850056","101.794639914994","Injuries","Number","Falls","Validated","Whole pop","0-74 years","Fatal"
"W_F11B","2015-17","Moving average","86.6666666666666","76.1321767861705","97.2011565471627","Injuries","Number","Falls","Validated","Whole pop","0-74 years","Fatal"
"W_F11B","2016-18","Moving average","90","79.264835137697","100.735164862302","Injuries","Number","Falls","Validated","Whole pop","0-74 years","Fatal"
"W_F12B","2000-02","Moving average","1.74658150681916","1.49996818581973","1.99319482781858","Per 100,000 people","Age-standardised rate","Falls","Validated","Whole pop","0-74 years","Fatal"
"W_F12B","2001-03","Moving average","1.83847069359267","1.58735738861688","2.08958399856846","Per 100,000 people","Age-standardised rate","Falls","Validated","Whole pop","0-74 years","Fatal"
"W_F12B","2002-04","Moving average","2.07429113069872","1.81020619492744","2.33837606646999","Per 100,000 people","Age-standardised rate","Falls","Validated","Whole pop","0-74 years","Fatal"
"W_F12B","2003-05","Moving average","2.15238233362586","1.88553803329447","2.41922663395724","Per 100,000 people","Age-standardised rate","Falls","Validated","Whole pop","0-74 years","Fatal"
"W_F12B","2004-06","Moving average","2.18861276326638","1.92139111458325","2.45583441194952","Per 100,000 people","Age-standardised rate","Falls","Validated","Whole pop","0-74 years","Fatal"
"W_F12B","2005-07","Moving average","2.00663001790601","1.75293424610143","2.26032578971059","Per 100,000 people","Age-standardised rate","Falls","Validated","Whole pop","0-74 years","Fatal"
"W_F12B","2006-08","Moving average","2.10256921458556","1.84549707548857","2.35964135368254","Per 100,000 people","Age-standardised rate","Falls","Validated","Whole pop","0-74 years","Fatal"
"W_F12B","2007-09","Moving average","2.18013650602373","1.92081566029117","2.43945735175629","Per 100,000 people","Age-standardised rate","Falls","Validated","Whole pop","0-74 years","Fatal"
"W_F12B","2008-10","Moving average","2.2940725651847","2.03090349085901","2.55724163951039","Per 100,000 people","Age-standardised rate","Falls","Validated","Whole pop","0-74 years","Fatal"
"W_F12B","2009-11","Moving average","2.17768072107796","1.92488307929433","2.43047836286159","Per 100,000 people","Age-standardised rate","Falls","Validated","Whole pop","0-74 years","Fatal"
"W_F12B","2010-12","Moving average","2.07667563915899","1.83283777936813","2.32051349894985","Per 100,000 people","Age-standardised rate","Falls","Validated","Whole pop","0-74 years","Fatal"
"W_F12B","2011-13","Moving average","1.84497632082911","1.61842997127021","2.07152267038802","Per 100,000 people","Age-standardised rate","Falls","Validated","Whole pop","0-74 years","Fatal"
"W_F12B","2012-14","Moving average","1.84587883263123","1.62141640044169","2.07034126482077","Per 100,000 people","Age-standardised rate","Falls","Validated","Whole pop","0-74 years","Fatal"
"W_F12B","2013-15","Moving average","1.75182479019018","1.53607936927358","1.96757021110678","Per 100,000 people","Age-standardised rate","Falls","Validated","Whole pop","0-74 years","Fatal"
"W_F12B","2014-16","Moving average","1.81251521125141","1.59501732611722","2.0300130963856","Per 100,000 people","Age-standardised rate","Falls","Validated","Whole pop","0-74 years","Fatal"
"W_F12B","2015-17","Moving average","1.66147419351227","1.45714708383923","1.8658013031853","Per 100,000 people","Age-standardised rate","Falls","Validated","Whole pop","0-74 years","Fatal"
"W_F12B","2016-18","Moving average","1.68536730688028","1.48150262386378","1.88923198989679","Per 100,000 people","Age-standardised rate","Falls","Validated","Whole pop","0-74 years","Fatal"
"W_W12","2002-04","Moving average","89","78.3246415354209","99.675358464579","Injuries","Number","Work","Validated","Whole pop","All ages","Fatal"
"W_W12","2003-05","Moving average","82","71.7530553611183","92.2469446388817","Injuries","Number","Work","Validated","Whole pop","All ages","Fatal"
"W_W12","2004-06","Moving average","76.3333333333333","66.4467876499931","86.2198790166735","Injuries","Number","Work","Validated","Whole pop","All ages","Fatal"
"W_W12","2005-07","Moving average","69","59.6003429383852","78.3996570616148","Injuries","Number","Work","Validated","Whole pop","All ages","Fatal"
"W_W12","2006-08","Moving average","66.6666666666666","57.4273078376688","75.9060254956645","Injuries","Number","Work","Validated","Whole pop","All ages","Fatal"
"W_W12","2007-09","Moving average","65.3333333333333","56.186834738813","74.4798319278535","Injuries","Number","Work","Validated","Whole pop","All ages","Fatal"
"W_W12","2008-10","Moving average","76.3333333333333","66.4467876499931","86.2198790166735","Injuries","Number","Work","Validated","Whole pop","All ages","Fatal"
"W_W12","2009-11","Moving average","93.3333333333333","82.4011765379259","104.26549012874","Injuries","Number","Work","Validated","Whole pop","All ages","Fatal"
"W_W12","2010-12","Moving average","87","76.4452709272037","97.5547290727962","Injuries","Number","Work","Validated","Whole pop","All ages","Fatal"
"W_W12","2011-13","Moving average","74.6666666666666","64.8886483725797","84.4446849607535","Injuries","Number","Work","Validated","Whole pop","All ages","Fatal"
"W_W12","2012-14","Moving average","52","43.8400192264096","60.1599807735904","Injuries","Number","Work","Validated","Whole pop","All ages","Fatal"
"W_W12","2013-15","Moving average","50.3333333333333","42.3051864465299","58.3614802201366","Injuries","Number","Work","Validated","Whole pop","All ages","Fatal"
"W_W12","2014-16","Moving average","51","42.9188614693349","59.0811385306651","Injuries","Number","Work","Validated","Whole pop","All ages","Fatal"
"W_W12","2015-17","Moving average","55.6666666666666","47.2238944583355","64.1094388749978","Injuries","Number","Work","Validated","Whole pop","All ages","Fatal"
"W_W12","2016-18","Moving average","56.3333333333333","47.8401560669931","64.8265105996735","Injuries","Number","Work","Validated","Whole pop","All ages","Fatal"
"W_W12","2017-19","Moving average","62","53.0898850197648","70.9101149802352","Injuries","Number","Work","Validated","Whole pop","All ages","Fatal"
"W_W12","2018-20","Moving average","59.6666666666666","50.9258230199682","68.407510313365","Injuries","Number","Work","Validated","Whole pop","All ages","Fatal"
"W_W14","2002-04","Moving average","5.15672982212179","4.53819117767083","5.77526846657274","Per 100,000 FTEs","Age-standardised rate","Work","Validated","Whole pop","All ages","Fatal"
"W_W14","2003-05","Moving average","4.49535262716995","3.93307848183122","5.05762677250869","Per 100,000 FTEs","Age-standardised rate","Work","Validated","Whole pop","All ages","Fatal"
"W_W14","2004-06","Moving average","4.0338389219306","3.51034351183942","4.55733433202179","Per 100,000 FTEs","Age-standardised rate","Work","Validated","Whole pop","All ages","Fatal"
"W_W14","2005-07","Moving average","3.55533528202629","3.0691128028266","4.04155776122597","Per 100,000 FTEs","Age-standardised rate","Work","Validated","Whole pop","All ages","Fatal"
"W_W14","2006-08","Moving average","3.32669327263041","2.86138375426286","3.79200279099796","Per 100,000 FTEs","Age-standardised rate","Work","Validated","Whole pop","All ages","Fatal"
"W_W14","2007-09","Moving average","3.23461534561959","2.77612002767025","3.69311066356892","Per 100,000 FTEs","Age-standardised rate","Work","Validated","Whole pop","All ages","Fatal"
"W_W14","2008-10","Moving average","3.84074221506191","3.33447036153191","4.34701406859191","Per 100,000 FTEs","Age-standardised rate","Work","Validated","Whole pop","All ages","Fatal"
"W_W14","2009-11","Moving average","4.63092021764585","4.07490621948882","5.18693421580288","Per 100,000 FTEs","Age-standardised rate","Work","Validated","Whole pop","All ages","Fatal"
"W_W14","2010-12","Moving average","4.24369637553186","3.71202417937514","4.77536857168858","Per 100,000 FTEs","Age-standardised rate","Work","Validated","Whole pop","All ages","Fatal"
"W_W14","2011-13","Moving average","3.63504948976728","3.13967941152223","4.13041956801233","Per 100,000 FTEs","Age-standardised rate","Work","Validated","Whole pop","All ages","Fatal"
"W_W14","2012-14","Moving average","2.43134954927389","2.03177307527874","2.83092602326904","Per 100,000 FTEs","Age-standardised rate","Work","Validated","Whole pop","All ages","Fatal"
"W_W14","2013-15","Moving average","2.1880578409972","1.81867975033286","2.55743593166154","Per 100,000 FTEs","Age-standardised rate","Work","Validated","Whole pop","All ages","Fatal"
"W_W14","2014-16","Moving average","2.04663187205405","1.69997939020394","2.39328435390416","Per 100,000 FTEs","Age-standardised rate","Work","Validated","Whole pop","All ages","Fatal"
"W_W14","2015-17","Moving average","2.12800860479366","1.77886016013369","2.47715704945364","Per 100,000 FTEs","Age-standardised rate","Work","Validated","Whole pop","All ages","Fatal"
"W_W14","2016-18","Moving average","2.10230934423412","1.75993166646241","2.44468702200583","Per 100,000 FTEs","Age-standardised rate","Work","Validated","Whole pop","All ages","Fatal"
"W_W14","2017-19","Moving average","2.30064447430589","1.94474117230076","2.65654777631101","Per 100,000 FTEs","Age-standardised rate","Work","Validated","Whole pop","All ages","Fatal"
"W_W14","2018-20","Moving average","2.16996351714001","1.82731569789849","2.51261133638153","Per 100,000 FTEs","Age-standardised rate","Work","Validated","Whole pop","All ages","Fatal"
"M_S11","2000-02","Moving average","79.6666666666666","69.5665640371226","89.7667692962106","Injuries","Number","Intentional self-harm","Validated","Maori","All ages","Fatal"
"M_S11","2001-03","Moving average","82","71.7530553611183","92.2469446388817","Injuries","Number","Intentional self-harm","Validated","Maori","All ages","Fatal"
"M_S11","2002-04","Moving average","92.3333333333333","81.4598993805377","103.206767286128","Injuries","Number","Intentional self-harm","Validated","Maori","All ages","Fatal"
"M_S11","2003-05","Moving average","100.666666666666","89.313152458626","112.020180874707","Injuries","Number","Intentional self-harm","Validated","Maori","All ages","Fatal"
"M_S11","2004-06","Moving average","107.666666666666","95.9250445986926","119.40828873464","Injuries","Number","Intentional self-harm","Validated","Maori","All ages","Fatal"
"M_S11","2005-07","Moving average","103.666666666666","92.1452195486664","115.188113784666","Injuries","Number","Intentional self-harm","Validated","Maori","All ages","Fatal"
"M_S11","2006-08","Moving average","97.6666666666666","86.4836068862896","108.849726447043","Injuries","Number","Intentional self-harm","Validated","Maori","All ages","Fatal"
"M_S11","2007-09","Moving average","89.3333333333333","78.6380022442499","100.028664422416","Injuries","Number","Intentional self-harm","Validated","Maori","All ages","Fatal"
"M_S11","2008-10","Moving average","90.6666666666666","79.8918152924465","101.441518040886","Injuries","Number","Intentional self-harm","Validated","Maori","All ages","Fatal"
"M_S11","2009-11","Moving average","99.3333333333333","88.055258593345","110.611408073321","Injuries","Number","Intentional self-harm","Validated","Maori","All ages","Fatal"
"M_S11","2010-12","Moving average","111.333333333333","99.3934503722848","123.273216294381","Injuries","Number","Intentional self-harm","Validated","Maori","All ages","Fatal"
"M_S11","2011-13","Moving average","112","100.024422241943","123.975577758056","Injuries","Number","Intentional self-harm","Validated","Maori","All ages","Fatal"
"M_S11","2012-14","Moving average","105.333333333333","93.7196393696476","116.947027297019","Injuries","Number","Intentional self-harm","Validated","Maori","All ages","Fatal"
"M_S11","2013-15","Moving average","105","93.4046966954592","116.59530330454","Injuries","Number","Intentional self-harm","Validated","Maori","All ages","Fatal"
"M_S11","2014-16","Moving average","115.333333333333","103.180854153437","127.485812513228","Injuries","Number","Intentional self-harm","Validated","Maori","All ages","Fatal"
"M_S11","2015-17","Moving average","131.666666666666","118.682162080326","144.651171253006","Injuries","Number","Intentional self-harm","Validated","Maori","All ages","Fatal"
"M_S11","2016-18","Moving average","139","125.658800952482","152.341199047518","Injuries","Number","Intentional self-harm","Validated","Maori","All ages","Fatal"
"M_S12","2000-02","Moving average","13.5223373505807","11.804642420984","15.2400322801774","Per 100,000 people","Age-standardised rate","Intentional self-harm","Validated","Maori","All ages","Fatal"
"M_S12","2001-03","Moving average","13.7610225771164","12.0407280543817","15.481317099851","Per 100,000 people","Age-standardised rate","Intentional self-harm","Validated","Maori","All ages","Fatal"
"M_S12","2002-04","Moving average","15.3123272526257","13.5091043748818","17.1155501303696","Per 100,000 people","Age-standardised rate","Intentional self-harm","Validated","Maori","All ages","Fatal"
"M_S12","2003-05","Moving average","16.4916645766632","14.6313343171238","18.3519948362027","Per 100,000 people","Age-standardised rate","Intentional self-harm","Validated","Maori","All ages","Fatal"
"M_S12","2004-06","Moving average","17.4039570228338","15.5047120660562","19.3032019796113","Per 100,000 people","Age-standardised rate","Intentional self-harm","Validated","Maori","All ages","Fatal"
"M_S12","2005-07","Moving average","16.5564220298684","14.713790474367","18.3990535853699","Per 100,000 people","Age-standardised rate","Intentional self-harm","Validated","Maori","All ages","Fatal"
"M_S12","2006-08","Moving average","15.1898038610338","13.4462238536291","16.9333838684384","Per 100,000 people","Age-standardised rate","Intentional self-harm","Validated","Maori","All ages","Fatal"
"M_S12","2007-09","Moving average","13.4848882194797","11.8644265023391","15.1053499366203","Per 100,000 people","Age-standardised rate","Intentional self-harm","Validated","Maori","All ages","Fatal"
"M_S12","2008-10","Moving average","13.2772598992937","11.6920315128982","14.8624882856892","Per 100,000 people","Age-standardised rate","Intentional self-harm","Validated","Maori","All ages","Fatal"
"M_S12","2009-11","Moving average","14.2089007974165","12.586202133023","15.8315994618099","Per 100,000 people","Age-standardised rate","Intentional self-harm","Validated","Maori","All ages","Fatal"
"M_S12","2010-12","Moving average","15.6976514861562","14.0024604545117","17.3928425178007","Per 100,000 people","Age-standardised rate","Intentional self-harm","Validated","Maori","All ages","Fatal"
"M_S12","2011-13","Moving average","15.6233332364187","13.9388908796278","17.3077755932097","Per 100,000 people","Age-standardised rate","Intentional self-harm","Validated","Maori","All ages","Fatal"
"M_S12","2012-14","Moving average","14.5175651478736","12.90139371826","16.1337365774873","Per 100,000 people","Age-standardised rate","Intentional self-harm","Validated","Maori","All ages","Fatal"
"M_S12","2013-15","Moving average","14.2538721106041","12.6606630205498","15.8470812006585","Per 100,000 people","Age-standardised rate","Intentional self-harm","Validated","Maori","All ages","Fatal"
"M_S12","2014-16","Moving average","15.2086557885696","13.5831072199767","16.8342043571625","Per 100,000 people","Age-standardised rate","Intentional self-harm","Validated","Maori","All ages","Fatal"
"M_S12","2015-17","Moving average","16.7838390863916","15.102381353497","18.4652968192862","Per 100,000 people","Age-standardised rate","Intentional self-harm","Validated","Maori","All ages","Fatal"
"M_S12","2016-18","Moving average","17.3523959739727","15.6592131412468","19.0455788066985","Per 100,000 people","Age-standardised rate","Intentional self-harm","Validated","Maori","All ages","Fatal"
"M_F01C","2000-02","Moving average","28.6666666666666","22.6080139141546","34.7253194191787","Injuries","Number","Falls","Validated","Maori","75+ years","Serious non-fatal"
"M_F01C","2001-03","Moving average","28","22.0122111209719","33.987788879028","Injuries","Number","Falls","Validated","Maori","75+ years","Serious non-fatal"
"M_F01C","2002-04","Moving average","32.3333333333333","25.8988644732077","38.7678021934588","Injuries","Number","Falls","Validated","Maori","75+ years","Serious non-fatal"
"M_F01C","2003-05","Moving average","38","31.0244370553009","44.975562944699","Injuries","Number","Falls","Validated","Maori","75+ years","Serious non-fatal"
"M_F01C","2004-06","Moving average","48","40.1601440618397","55.8398559381602","Injuries","Number","Falls","Validated","Maori","75+ years","Serious non-fatal"
"M_F01C","2005-07","Moving average","50","41.9984805394078","58.0015194605921","Injuries","Number","Falls","Validated","Maori","75+ years","Serious non-fatal"
"M_F01C","2006-08","Moving average","51.3333333333333","43.225828864654","59.4408378020126","Injuries","Number","Falls","Validated","Maori","75+ years","Serious non-fatal"
"M_F01C","2007-09","Moving average","50","41.9984805394078","58.0015194605921","Injuries","Number","Falls","Validated","Maori","75+ years","Serious non-fatal"
"M_F01C","2008-10","Moving average","49.6666666666666","41.6918635392922","57.641469794041","Injuries","Number","Falls","Validated","Maori","75+ years","Serious non-fatal"
"M_F01C","2009-11","Moving average","54.3333333333333","45.992284986132","62.6743816805346","Injuries","Number","Falls","Validated","Maori","75+ years","Serious non-fatal"
"M_F01C","2010-12","Moving average","62.3333333333333","53.3992985382999","71.2673681283667","Injuries","Number","Falls","Validated","Maori","75+ years","Serious non-fatal"
"M_F01C","2011-13","Moving average","79.3333333333333","69.2543827743978","89.4122838922688","Injuries","Number","Falls","Validated","Maori","75+ years","Serious non-fatal"
"M_F01C","2012-14","Moving average","86","75.5061056072321","96.4938943927678","Injuries","Number","Falls","Validated","Maori","75+ years","Serious non-fatal"
"M_F01C","2013-15","Moving average","86","75.5061056072321","96.4938943927678","Injuries","Number","Falls","Validated","Maori","75+ years","Serious non-fatal"
"M_F01C","2014-16","Moving average","91.6666666666666","80.8325581011178","102.500775232215","Injuries","Number","Falls","Validated","Maori","75+ years","Serious non-fatal"
"M_F01C","2015-17","Moving average","106.666666666666","94.9796994589789","118.353633874354","Injuries","Number","Falls","Validated","Maori","75+ years","Serious non-fatal"
"M_F01C","2016-18","Moving average","118.333333333333","106.023816322561","130.642850344105","Injuries","Number","Falls","Validated","Maori","75+ years","Serious non-fatal"
"M_F01C","2017-19","Moving average","127","114.247676417894","139.752323582105","Injuries","Number","Falls","Validated","Maori","75+ years","Serious non-fatal"
"M_F01C","2018-20","Moving average","132","118.999069721341","145.000930278658","Injuries","Number","Falls","Validated","Maori","75+ years","Serious non-fatal"
"M_F02C","2000-02","Moving average","530.220562476295","418.129697318211","642.311427634379","Per 100,000 people","Age-standardised rate","Falls","Validated","Maori","75+ years","Serious non-fatal"
"M_F02C","2001-03","Moving average","490.434260076791","385.546837762759","595.321682390822","Per 100,000 people","Age-standardised rate","Falls","Validated","Maori","75+ years","Serious non-fatal"
"M_F02C","2002-04","Moving average","537.992235163616","430.929525344555","645.054944982677","Per 100,000 people","Age-standardised rate","Falls","Validated","Maori","75+ years","Serious non-fatal"
"M_F02C","2003-05","Moving average","596.698603859012","487.158914669577","706.238293048448","Per 100,000 people","Age-standardised rate","Falls","Validated","Maori","75+ years","Serious non-fatal"
"M_F02C","2004-06","Moving average","709.831363191306","593.830972813909","825.831753568703","Per 100,000 people","Age-standardised rate","Falls","Validated","Maori","75+ years","Serious non-fatal"
"M_F02C","2005-07","Moving average","695.133941322342","583.773868509774","806.494014134909","Per 100,000 people","Age-standardised rate","Falls","Validated","Maori","75+ years","Serious non-fatal"
"M_F02C","2006-08","Moving average","674.229269612808","567.536319745941","780.922219479676","Per 100,000 people","Age-standardised rate","Falls","Validated","Maori","75+ years","Serious non-fatal"
"M_F02C","2007-09","Moving average","605.021035838276","508.002233807998","702.039837868554","Per 100,000 people","Age-standardised rate","Falls","Validated","Maori","75+ years","Serious non-fatal"
"M_F02C","2008-10","Moving average","552.607858489961","463.710294961545","641.505422018378","Per 100,000 people","Age-standardised rate","Falls","Validated","Maori","75+ years","Serious non-fatal"
"M_F02C","2009-11","Moving average","565.222240089921","478.284108823804","652.160371356038","Per 100,000 people","Age-standardised rate","Falls","Validated","Maori","75+ years","Serious non-fatal"
"M_F02C","2010-12","Moving average","600.558742429045","514.323354665031","686.794130193058","Per 100,000 people","Age-standardised rate","Falls","Validated","Maori","75+ years","Serious non-fatal"
"M_F02C","2011-13","Moving average","716.549467687508","625.319127758292","807.779807616723","Per 100,000 people","Age-standardised rate","Falls","Validated","Maori","75+ years","Serious non-fatal"
"M_F02C","2012-14","Moving average","723.872561696618","635.306420318392","812.438703074844","Per 100,000 people","Age-standardised rate","Falls","Validated","Maori","75+ years","Serious non-fatal"
"M_F02C","2013-15","Moving average","677.368510724681","594.489641145308","760.247380304055","Per 100,000 people","Age-standardised rate","Falls","Validated","Maori","75+ years","Serious non-fatal"
"M_F02C","2014-16","Moving average","676.30903803273","596.19973551742","756.41834054804","Per 100,000 people","Age-standardised rate","Falls","Validated","Maori","75+ years","Serious non-fatal"
"M_F02C","2015-17","Moving average","734.356772091055","653.687290002649","815.026254179461","Per 100,000 people","Age-standardised rate","Falls","Validated","Maori","75+ years","Serious non-fatal"
"M_F02C","2016-18","Moving average","763.078357297746","683.405420932952","842.75129366254","Per 100,000 people","Age-standardised rate","Falls","Validated","Maori","75+ years","Serious non-fatal"
"M_F02C","2017-19","Moving average","775.33555490737","697.094658723945","853.576451090796","Per 100,000 people","Age-standardised rate","Falls","Validated","Maori","75+ years","Serious non-fatal"
"M_F02C","2018-20","Moving average","758.646039749585","683.437145283518","833.854934215652","Per 100,000 people","Age-standardised rate","Falls","Validated","Maori","75+ years","Serious non-fatal"
"M_F21C","2000-02","Moving average","31","24.6995972763238","37.3004027236761","Injuries","Number","Falls","Validated","Maori","75+ years","Serious"
"M_F21C","2001-03","Moving average","31.6666666666666","25.2988780398185","38.0344552935147","Injuries","Number","Falls","Validated","Maori","75+ years","Serious"
"M_F21C","2002-04","Moving average","38","31.0244370553009","44.975562944699","Injuries","Number","Falls","Validated","Maori","75+ years","Serious"
"M_F21C","2003-05","Moving average","43.6666666666666","36.1890622856505","51.1442710476828","Injuries","Number","Falls","Validated","Maori","75+ years","Serious"
"M_F21C","2004-06","Moving average","55.3333333333333","46.9158768407868","63.7507898258798","Injuries","Number","Falls","Validated","Maori","75+ years","Serious"
"M_F21C","2005-07","Moving average","57","48.4567150584106","65.5432849415894","Injuries","Number","Falls","Validated","Maori","75+ years","Serious"
"M_F21C","2006-08","Moving average","59.6666666666666","50.9258230199682","68.407510313365","Injuries","Number","Falls","Validated","Maori","75+ years","Serious"
"M_F21C","2007-09","Moving average","58.3333333333333","49.6907045304396","66.975962136227","Injuries","Number","Falls","Validated","Maori","75+ years","Serious"
"M_F21C","2008-10","Moving average","60.6666666666666","51.8528800837278","69.4804532496055","Injuries","Number","Falls","Validated","Maori","75+ years","Serious"
"M_F21C","2009-11","Moving average","65","55.8768641475802","74.1231358524197","Injuries","Number","Falls","Validated","Maori","75+ years","Serious"
"M_F21C","2010-12","Moving average","73","63.3317272499053","82.6682727500947","Injuries","Number","Falls","Validated","Maori","75+ years","Serious"
"M_F21C","2011-13","Moving average","89.3333333333333","78.6380022442499","100.028664422416","Injuries","Number","Falls","Validated","Maori","75+ years","Serious"
"M_F21C","2012-14","Moving average","100","88.6841426592382","111.315857340761","Injuries","Number","Falls","Validated","Maori","75+ years","Serious"
"M_F21C","2013-15","Moving average","101.333333333333","89.9422867445474","112.724379922119","Injuries","Number","Falls","Validated","Maori","75+ years","Serious"
"M_F21C","2014-16","Moving average","109.333333333333","97.5011808420743","121.165485824592","Injuries","Number","Falls","Validated","Maori","75+ years","Serious"
"M_F21C","2015-17","Moving average","121.666666666666","109.18498021743","134.148353115902","Injuries","Number","Falls","Validated","Maori","75+ years","Serious"
"M_F21C","2016-18","Moving average","132.666666666666","119.632947104459","145.700386228873","Injuries","Number","Falls","Validated","Maori","75+ years","Serious"
"M_F22C","2000-02","Moving average","573.144406063604","456.627874607545","689.660937519663","Per 100,000 people","Age-standardised rate","Falls","Validated","Maori","75+ years","Serious"
"M_F22C","2001-03","Moving average","554.449761604411","442.947585662651","665.951937546171","Per 100,000 people","Age-standardised rate","Falls","Validated","Maori","75+ years","Serious"
"M_F22C","2002-04","Moving average","632.279534109817","516.213594930131","748.345473289502","Per 100,000 people","Age-standardised rate","Falls","Validated","Maori","75+ years","Serious"
"M_F22C","2003-05","Moving average","686.077142106804","568.585518091039","803.56876612257","Per 100,000 people","Age-standardised rate","Falls","Validated","Maori","75+ years","Serious"
"M_F22C","2004-06","Moving average","820.478903753104","695.593094672576","945.364712833632","Per 100,000 people","Age-standardised rate","Falls","Validated","Maori","75+ years","Serious"
"M_F22C","2005-07","Moving average","794.237102900834","675.069781345198","913.404424456469","Per 100,000 people","Age-standardised rate","Falls","Validated","Maori","75+ years","Serious"
"M_F22C","2006-08","Moving average","786.059996190558","670.689266024614","901.430726356502","Per 100,000 people","Age-standardised rate","Falls","Validated","Maori","75+ years","Serious"
"M_F22C","2007-09","Moving average","705.918392761206","601.121482122011","810.715303400402","Per 100,000 people","Age-standardised rate","Falls","Validated","Maori","75+ years","Serious"
"M_F22C","2008-10","Moving average","675.012424045838","576.760034907107","773.26481318457","Per 100,000 people","Age-standardised rate","Falls","Validated","Maori","75+ years","Serious"
"M_F22C","2009-11","Moving average","674.513675514622","579.653105387331","769.374245641913","Per 100,000 people","Age-standardised rate","Falls","Validated","Maori","75+ years","Serious"
"M_F22C","2010-12","Moving average","702.946003694988","609.678042404189","796.213964985787","Per 100,000 people","Age-standardised rate","Falls","Validated","Maori","75+ years","Serious"
"M_F22C","2011-13","Moving average","808.116032050983","711.162420196092","905.069643905874","Per 100,000 people","Age-standardised rate","Falls","Validated","Maori","75+ years","Serious"
"M_F22C","2012-14","Moving average","841.307172958721","745.854872444081","936.759473473362","Per 100,000 people","Age-standardised rate","Falls","Validated","Maori","75+ years","Serious"
"M_F22C","2013-15","Moving average","795.934517271504","706.224267041059","885.644767501949","Per 100,000 people","Age-standardised rate","Falls","Validated","Maori","75+ years","Serious"
"M_F22C","2014-16","Moving average","803.908990053823","716.721682104366","891.09629800328","Per 100,000 people","Age-standardised rate","Falls","Validated","Maori","75+ years","Serious"
"M_F22C","2015-17","Moving average","835.642839846142","749.694145995683","921.5915336966","Per 100,000 people","Age-standardised rate","Falls","Validated","Maori","75+ years","Serious"
"M_F22C","2016-18","Moving average","854.22279024997","769.987490425619","938.458090074322","Per 100,000 people","Age-standardised rate","Falls","Validated","Maori","75+ years","Serious"
"M_W01","2002-04","Moving average","64","54.9473141273906","73.0526858726093","Injuries","Number","Work","Validated","Maori","All ages","Serious non-fatal"
"M_W01","2003-05","Moving average","63","54.0183166814579","71.981683318542","Injuries","Number","Work","Validated","Maori","All ages","Serious non-fatal"
"M_W01","2004-06","Moving average","66.3333333333333","57.1171018468131","75.5495648198535","Injuries","Number","Work","Validated","Maori","All ages","Serious non-fatal"
"M_W01","2005-07","Moving average","76","66.1350642784193","85.8649357215806","Injuries","Number","Work","Validated","Maori","All ages","Serious non-fatal"
"M_W01","2006-08","Moving average","75.3333333333333","65.5117601764908","85.1549064901757","Injuries","Number","Work","Validated","Maori","All ages","Serious non-fatal"
"M_W01","2007-09","Moving average","70","60.5324744970225","79.4675255029775","Injuries","Number","Work","Validated","Maori","All ages","Serious non-fatal"
"M_W01","2008-10","Moving average","64.3333333333333","55.2571033744794","73.4095632921872","Injuries","Number","Work","Validated","Maori","All ages","Serious non-fatal"
"M_W01","2009-11","Moving average","61.6666666666666","52.7805358886982","70.552797444635","Injuries","Number","Work","Validated","Maori","All ages","Serious non-fatal"
"M_W01","2010-12","Moving average","67","57.7375715749682","76.2624284250317","Injuries","Number","Work","Validated","Maori","All ages","Serious non-fatal"
"M_W01","2011-13","Moving average","65","55.8768641475802","74.1231358524197","Injuries","Number","Work","Validated","Maori","All ages","Serious non-fatal"
"M_W01","2012-14","Moving average","63","54.0183166814579","71.981683318542","Injuries","Number","Work","Validated","Maori","All ages","Serious non-fatal"
"M_W01","2013-15","Moving average","60.3333333333333","51.5437938020645","69.1228728646021","Injuries","Number","Work","Validated","Maori","All ages","Serious non-fatal"
"M_W01","2014-16","Moving average","59.6666666666666","50.9258230199682","68.407510313365","Injuries","Number","Work","Validated","Maori","All ages","Serious non-fatal"
"M_W01","2015-17","Moving average","64","54.9473141273906","73.0526858726093","Injuries","Number","Work","Validated","Maori","All ages","Serious non-fatal"
"M_W01","2016-18","Moving average","67.6666666666666","58.3582705725726","76.9750627607607","Injuries","Number","Work","Validated","Maori","All ages","Serious non-fatal"
"M_W01","2017-19","Moving average","79","68.9422459956702","89.0577540043298","Injuries","Number","Work","Validated","Maori","All ages","Serious non-fatal"
"M_W01","2018-20","Moving average","77.6666666666666","67.694149402696","87.6391839306373","Injuries","Number","Work","Validated","Maori","All ages","Serious non-fatal"
"M_W02","2002-04","Moving average","32","27.4736570636953","36.5263429363046","Per 100,000 FTEs","Age-standardised rate","Work","Validated","Maori","All ages","Serious non-fatal"
"M_W02","2003-05","Moving average","30.480167000246","26.1259091379309","34.8344248625612","Per 100,000 FTEs","Age-standardised rate","Work","Validated","Maori","All ages","Serious non-fatal"
"M_W02","2004-06","Moving average","30.1522123729169","25.9066481940595","34.3977765517743","Per 100,000 FTEs","Age-standardised rate","Work","Validated","Maori","All ages","Serious non-fatal"
"M_W02","2005-07","Moving average","33.5576593850325","29.1369543763897","37.9783643936753","Per 100,000 FTEs","Age-standardised rate","Work","Validated","Maori","All ages","Serious non-fatal"
"M_W02","2006-08","Moving average","31.6305377958886","27.4750922746816","35.7859833170955","Per 100,000 FTEs","Age-standardised rate","Work","Validated","Maori","All ages","Serious non-fatal"
"M_W02","2007-09","Moving average","28.5017108819781","24.612989201965","32.3904325619912","Per 100,000 FTEs","Age-standardised rate","Work","Validated","Maori","All ages","Serious non-fatal"
"M_W02","2008-10","Moving average","26.7631672529927","22.9032890525384","30.6230454534469","Per 100,000 FTEs","Age-standardised rate","Work","Validated","Maori","All ages","Serious non-fatal"
"M_W02","2009-11","Moving average","25.4873682049173","21.6960903537531","29.2786460560816","Per 100,000 FTEs","Age-standardised rate","Work","Validated","Maori","All ages","Serious non-fatal"
"M_W02","2010-12","Moving average","26.518705089997","22.7141155930842","30.3232945869098","Per 100,000 FTEs","Age-standardised rate","Work","Validated","Maori","All ages","Serious non-fatal"
"M_W02","2011-13","Moving average","25.6644403084154","21.8903884139782","29.4384922028525","Per 100,000 FTEs","Age-standardised rate","Work","Validated","Maori","All ages","Serious non-fatal"
"M_W02","2012-14","Moving average","24.0487125711441","20.4232118484448","27.6742132938434","Per 100,000 FTEs","Age-standardised rate","Work","Validated","Maori","All ages","Serious non-fatal"
"M_W02","2013-15","Moving average","22.1209671512243","18.6880110195713","25.5539232828772","Per 100,000 FTEs","Age-standardised rate","Work","Validated","Maori","All ages","Serious non-fatal"
"M_W02","2014-16","Moving average","21.5807674096837","18.2563463591748","24.9051884601926","Per 100,000 FTEs","Age-standardised rate","Work","Validated","Maori","All ages","Serious non-fatal"
"M_W02","2015-17","Moving average","21.0934095455604","17.906328193683","24.2804908974378","Per 100,000 FTEs","Age-standardised rate","Work","Validated","Maori","All ages","Serious non-fatal"
"M_W02","2016-18","Moving average","19.7248638154123","16.8268516672054","22.6228759636192","Per 100,000 FTEs","Age-standardised rate","Work","Validated","Maori","All ages","Serious non-fatal"
"M_W02","2017-19","Moving average","21.96985334434","18.9710948556675","24.9686118330124","Per 100,000 FTEs","Age-standardised rate","Work","Validated","Maori","All ages","Serious non-fatal"
"M_W02","2018-20","Moving average","21.4631286365097","18.5210405009553","24.405216772064","Per 100,000 FTEs","Age-standardised rate","Work","Validated","Maori","All ages","Serious non-fatal"
"C_M11","2000-02","Moving average","32.3333333333333","25.8988644732077","38.7678021934588","Injuries","Number","Motor vehicle traffic crashes","Validated","Children","0-14 years","Fatal"
"C_M11","2001-03","Moving average","29.3333333333333","23.2046360254846","35.4620306411819","Injuries","Number","Motor vehicle traffic crashes","Validated","Children","0-14 years","Fatal"
"C_M11","2002-04","Moving average","25.6666666666666","19.9337952783632","31.39953805497","Injuries","Number","Motor vehicle traffic crashes","Validated","Children","0-14 years","Fatal"
"C_M11","2003-05","Moving average","24.6666666666666","19.0465840977658","30.2867492355674","Injuries","Number","Motor vehicle traffic crashes","Validated","Children","0-14 years","Fatal"
"C_M11","2004-06","Moving average","23.6666666666666","18.1616833054113","29.171650027922","Injuries","Number","Motor vehicle traffic crashes","Validated","Children","0-14 years","Fatal"
"C_M11","2005-07","Moving average","27.6666666666666","21.7146261004442","33.618707232889","Injuries","Number","Motor vehicle traffic crashes","Validated","Children","0-14 years","Fatal"
"C_M11","2006-08","Moving average","25","19.3420713296191","30.6579286703808","Injuries","Number","Motor vehicle traffic crashes","Validated","Children","0-14 years","Fatal"
"C_M11","2007-09","Moving average","24.3333333333333","18.7513534584674","29.9153132081992","Injuries","Number","Motor vehicle traffic crashes","Validated","Children","0-14 years","Fatal"
"C_M11","2008-10","Moving average","19.3333333333333","14.3577863326926","24.308880333974","Injuries","Number","Motor vehicle traffic crashes","Validated","Children","0-14 years","Fatal"
"C_M11","2009-11","Moving average","15.6666666666666","11.1877212975892","20.1456120357441","Injuries","Number","Motor vehicle traffic crashes","Validated","Children","0-14 years","Fatal"
"C_M11","2010-12","Moving average","13","8.9200096132048","17.0799903867951","Injuries","Number","Motor vehicle traffic crashes","Validated","Children","0-14 years","Fatal"
"C_M11","2011-13","Moving average","10.3333333333333","6.69579412481585","13.9708725418508","Injuries","Number","Motor vehicle traffic crashes","Validated","Children","0-14 years","Fatal"
"C_M11","2012-14","Moving average","11.3333333333333","7.52384809683921","15.1428185698274","Injuries","Number","Motor vehicle traffic crashes","Validated","Children","0-14 years","Fatal"
"C_M11","2013-15","Moving average","10","6.42161171256568","13.5783882874343","Injuries","Number","Motor vehicle traffic crashes","Validated","Children","0-14 years","Fatal"
"C_M11","2014-16","Moving average","12.6666666666666","8.63932352279547","16.6940098105378","Injuries","Number","Motor vehicle traffic crashes","Validated","Children","0-14 years","Fatal"
"C_M11","2015-17","Moving average","12.6666666666666","8.63932352279547","16.6940098105378","Injuries","Number","Motor vehicle traffic crashes","Validated","Children","0-14 years","Fatal"
"C_M11","2016-18","Moving average","14.3333333333333","10.0492188871775","18.6174477794891","Injuries","Number","Motor vehicle traffic crashes","Validated","Children","0-14 years","Fatal"
"C_M12","2000-02","Moving average","3.69391341904647","2.95866494086064","4.4291618972323","Per 100,000 people","Age-standardised rate","Motor vehicle traffic crashes","Validated","Children","0-14 years","Fatal"
"C_M12","2001-03","Moving average","3.32323884606379","2.62888954567995","4.01758814644762","Per 100,000 people","Age-standardised rate","Motor vehicle traffic crashes","Validated","Children","0-14 years","Fatal"
"C_M12","2002-04","Moving average","2.88525671290571","2.2408097392436","3.52970368656782","Per 100,000 people","Age-standardised rate","Motor vehicle traffic crashes","Validated","Children","0-14 years","Fatal"
"C_M12","2003-05","Moving average","2.7637600497824","2.13405143929465","3.39346866027015","Per 100,000 people","Age-standardised rate","Motor vehicle traffic crashes","Validated","Children","0-14 years","Fatal"
"C_M12","2004-06","Moving average","2.66077917644043","2.04185379762283","3.27970455525803","Per 100,000 people","Age-standardised rate","Motor vehicle traffic crashes","Validated","Children","0-14 years","Fatal"
"C_M12","2005-07","Moving average","3.11688585142025","2.44629984178624","3.78747186105427","Per 100,000 people","Age-standardised rate","Motor vehicle traffic crashes","Validated","Children","0-14 years","Fatal"
"C_M12","2006-08","Moving average","2.80545311138768","2.17031654155528","3.44058968122008","Per 100,000 people","Age-standardised rate","Motor vehicle traffic crashes","Validated","Children","0-14 years","Fatal"
"C_M12","2007-09","Moving average","2.70685158426956","2.08531345353887","3.32838971500026","Per 100,000 people","Age-standardised rate","Motor vehicle traffic crashes","Validated","Children","0-14 years","Fatal"
"C_M12","2008-10","Moving average","2.12982998420384","1.58082382530398","2.67883614310369","Per 100,000 people","Age-standardised rate","Motor vehicle traffic crashes","Validated","Children","0-14 years","Fatal"
"C_M12","2009-11","Moving average","1.71613884158266","1.22445725838094","2.20782042478439","Per 100,000 people","Age-standardised rate","Motor vehicle traffic crashes","Validated","Children","0-14 years","Fatal"
"C_M12","2010-12","Moving average","1.44156529101269","0.98812948534326","1.89500109668211","Per 100,000 people","Age-standardised rate","Motor vehicle traffic crashes","Validated","Children","0-14 years","Fatal"
"C_M12","2011-13","Moving average","1.14930276220387","0.74377208990071","1.55483343450703","Per 100,000 people","Age-standardised rate","Motor vehicle traffic crashes","Validated","Children","0-14 years","Fatal"
"C_M12","2012-14","Moving average","1.25636686701219","0.83309894525659","1.67963478876778","Per 100,000 people","Age-standardised rate","Motor vehicle traffic crashes","Validated","Children","0-14 years","Fatal"
"C_M12","2013-15","Moving average","1.08932008471176","0.6987859570158","1.47985421240773","Per 100,000 people","Age-standardised rate","Motor vehicle traffic crashes","Validated","Children","0-14 years","Fatal"
"C_M12","2014-16","Moving average","1.39104254852619","0.94786893060727","1.83421616644512","Per 100,000 people","Age-standardised rate","Motor vehicle traffic crashes","Validated","Children","0-14 years","Fatal"
"C_M12","2015-17","Moving average","1.37194490232692","0.93479145851242","1.80909834614142","Per 100,000 people","Age-standardised rate","Motor vehicle traffic crashes","Validated","Children","0-14 years","Fatal"
"C_M12","2016-18","Moving average","1.54558611229375","1.08277971399082","2.00839251059668","Per 100,000 people","Age-standardised rate","Motor vehicle traffic crashes","Validated","Children","0-14 years","Fatal"
"C_IN01","2000-02","Moving average","44","36.4939094039009","51.5060905960991","Injuries","Number","Intentional","Validated","Children","0-14 years","Serious non-fatal"
"C_IN01","2001-03","Moving average","44","36.4939094039009","51.5060905960991","Injuries","Number","Intentional","Validated","Children","0-14 years","Serious non-fatal"
"C_IN01","2002-04","Moving average","38.6666666666666","31.6301806181358","45.7031527151974","Injuries","Number","Intentional","Validated","Children","0-14 years","Serious non-fatal"
"C_IN01","2003-05","Moving average","35.6666666666666","28.9086582995162","42.424675033817","Injuries","Number","Intentional","Validated","Children","0-14 years","Serious non-fatal"
"C_IN01","2004-06","Moving average","40","32.8432234251313","47.1567765748686","Injuries","Number","Intentional","Validated","Children","0-14 years","Serious non-fatal"
"C_IN01","2005-07","Moving average","42.3333333333333","34.9707758804116","49.695890786255","Injuries","Number","Intentional","Validated","Children","0-14 years","Serious non-fatal"
"C_IN01","2006-08","Moving average","41.3333333333333","34.0582549162983","48.6084117503683","Injuries","Number","Intentional","Validated","Children","0-14 years","Serious non-fatal"
"C_IN01","2007-09","Moving average","46","38.3252121472983","53.6747878527016","Injuries","Number","Intentional","Validated","Children","0-14 years","Serious non-fatal"
"C_IN01","2008-10","Moving average","49.6666666666666","41.6918635392922","57.641469794041","Injuries","Number","Intentional","Validated","Children","0-14 years","Serious non-fatal"
"C_IN01","2009-11","Moving average","51.3333333333333","43.225828864654","59.4408378020126","Injuries","Number","Intentional","Validated","Children","0-14 years","Serious non-fatal"
"C_IN01","2010-12","Moving average","46","38.3252121472983","53.6747878527016","Injuries","Number","Intentional","Validated","Children","0-14 years","Serious non-fatal"
"C_IN01","2011-13","Moving average","39.6666666666666","32.5397723791994","46.7935609541339","Injuries","Number","Intentional","Validated","Children","0-14 years","Serious non-fatal"
"C_IN01","2012-14","Moving average","46.3333333333333","38.6307884719364","54.0358781947302","Injuries","Number","Intentional","Validated","Children","0-14 years","Serious non-fatal"
"C_IN01","2013-15","Moving average","44","36.4939094039009","51.5060905960991","Injuries","Number","Intentional","Validated","Children","0-14 years","Serious non-fatal"
"C_IN01","2014-16","Moving average","45","37.40909212871","52.5909078712899","Injuries","Number","Intentional","Validated","Children","0-14 years","Serious non-fatal"
"C_IN01","2015-17","Moving average","41","33.7543159594036","48.2456840405963","Injuries","Number","Intentional","Validated","Children","0-14 years","Serious non-fatal"
"C_IN01","2016-18","Moving average","40.3333333333333","33.1467987233531","47.5198679433135","Injuries","Number","Intentional","Validated","Children","0-14 years","Serious non-fatal"
"C_IN01","2017-19","Moving average","40.3333333333333","33.1467987233531","47.5198679433135","Injuries","Number","Intentional","Validated","Children","0-14 years","Serious non-fatal"
"C_IN01","2018-20","Moving average","45.6666666666666","38.0197365750467","53.3135967582865","Injuries","Number","Intentional","Validated","Children","0-14 years","Serious non-fatal"
"C_IN02","2000-02","Moving average","5.00045898601158","4.14730453106166","5.8536134409615","Per 100,000 people","Age-standardised rate","Intentional","Validated","Children","0-14 years","Serious non-fatal"
"C_IN02","2001-03","Moving average","4.97349027846586","4.12503539814182","5.82194515878991","Per 100,000 people","Age-standardised rate","Intentional","Validated","Children","0-14 years","Serious non-fatal"
"C_IN02","2002-04","Moving average","4.34662050255926","3.55563081658039","5.13761018853812","Per 100,000 people","Age-standardised rate","Intentional","Validated","Children","0-14 years","Serious non-fatal"
"C_IN02","2003-05","Moving average","3.98488234534006","3.22983314679927","4.73993154388084","Per 100,000 people","Age-standardised rate","Intentional","Validated","Children","0-14 years","Serious non-fatal"
"C_IN02","2004-06","Moving average","4.47688275253183","3.67586963977322","5.27789586529044","Per 100,000 people","Age-standardised rate","Intentional","Validated","Children","0-14 years","Serious non-fatal"
"C_IN02","2005-07","Moving average","4.73779870087029","3.91374958391574","5.56184781782485","Per 100,000 people","Age-standardised rate","Intentional","Validated","Children","0-14 years","Serious non-fatal"
"C_IN02","2006-08","Moving average","4.58779843537166","3.77996682342933","5.39563004731398","Per 100,000 people","Age-standardised rate","Intentional","Validated","Children","0-14 years","Serious non-fatal"
"C_IN02","2007-09","Moving average","5.0389372843095","4.19734969814756","5.88052487047144","Per 100,000 people","Age-standardised rate","Intentional","Validated","Children","0-14 years","Serious non-fatal"
"C_IN02","2008-10","Moving average","5.37838778105959","4.51333815147775","6.24343741064144","Per 100,000 people","Age-standardised rate","Intentional","Validated","Children","0-14 years","Serious non-fatal"
"C_IN02","2009-11","Moving average","5.4964347913266","4.62633193154332","6.36653765110988","Per 100,000 people","Age-standardised rate","Intentional","Validated","Children","0-14 years","Serious non-fatal"
"C_IN02","2010-12","Moving average","4.94992250115154","4.12177557460036","5.77806942770272","Per 100,000 people","Age-standardised rate","Intentional","Validated","Children","0-14 years","Serious non-fatal"
"C_IN02","2011-13","Moving average","4.27986799597771","3.50875068857565","5.05098530337978","Per 100,000 people","Age-standardised rate","Intentional","Validated","Children","0-14 years","Serious non-fatal"
"C_IN02","2012-14","Moving average","5.03798203379964","4.19818899418546","5.87777507341381","Per 100,000 people","Age-standardised rate","Intentional","Validated","Children","0-14 years","Serious non-fatal"
"C_IN02","2013-15","Moving average","4.80340065023668","3.98204116748345","5.6247601329899","Per 100,000 people","Age-standardised rate","Intentional","Validated","Children","0-14 years","Serious non-fatal"
"C_IN02","2014-16","Moving average","4.96718716380821","4.12738898272315","5.80698534489327","Per 100,000 people","Age-standardised rate","Intentional","Validated","Children","0-14 years","Serious non-fatal"
"C_IN02","2015-17","Moving average","4.51511865712436","3.71551410998982","5.3147232042589","Per 100,000 people","Age-standardised rate","Intentional","Validated","Children","0-14 years","Serious non-fatal"
"C_IN02","2016-18","Moving average","4.38273383629216","3.60062618803004","5.16484148455428","Per 100,000 people","Age-standardised rate","Intentional","Validated","Children","0-14 years","Serious non-fatal"
"C_IN02","2017-19","Moving average","4.33704277701331","3.56361346234101","5.11047209168561","Per 100,000 people","Age-standardised rate","Intentional","Validated","Children","0-14 years","Serious non-fatal"
"C_IN02","2018-20","Moving average","4.84675340439893","4.03482872604895","5.65867808274891","Per 100,000 people","Age-standardised rate","Intentional","Validated","Children","0-14 years","Serious non-fatal"
"C_A21","2000-02","Moving average","49.6666666666666","41.6918635392922","57.641469794041","Injuries","Number","Assault","Validated","Children","0-14 years","Serious"
"C_A21","2001-03","Moving average","47.3333333333333","39.5481112032078","55.1185554634588","Injuries","Number","Assault","Validated","Children","0-14 years","Serious"
"C_A21","2002-04","Moving average","43.3333333333333","35.8843241024934","50.7823425641732","Injuries","Number","Assault","Validated","Children","0-14 years","Serious"
"C_A21","2003-05","Moving average","40","32.8432234251313","47.1567765748686","Injuries","Number","Assault","Validated","Children","0-14 years","Serious"
"C_A21","2004-06","Moving average","45.6666666666666","38.0197365750467","53.3135967582865","Injuries","Number","Assault","Validated","Children","0-14 years","Serious"
"C_A21","2005-07","Moving average","45.3333333333333","37.714362860345","52.9523038063216","Injuries","Number","Assault","Validated","Children","0-14 years","Serious"
"C_A21","2006-08","Moving average","42.3333333333333","34.9707758804116","49.695890786255","Injuries","Number","Assault","Validated","Children","0-14 years","Serious"
"C_A21","2007-09","Moving average","48.6666666666666","40.7725550227376","56.5607783105957","Injuries","Number","Assault","Validated","Children","0-14 years","Serious"
"C_A21","2008-10","Moving average","52.6666666666666","44.4545449103192","60.8787884230141","Injuries","Number","Assault","Validated","Children","0-14 years","Serious"
"C_A21","2009-11","Moving average","55.6666666666666","47.2238944583355","64.1094388749978","Injuries","Number","Assault","Validated","Children","0-14 years","Serious"
"C_A21","2010-12","Moving average","46","38.3252121472983","53.6747878527016","Injuries","Number","Assault","Validated","Children","0-14 years","Serious"
"C_A21","2011-13","Moving average","37.3333333333333","30.4192302910183","44.2474363756483","Injuries","Number","Assault","Validated","Children","0-14 years","Serious"
"C_A21","2012-14","Moving average","41","33.7543159594036","48.2456840405963","Injuries","Number","Assault","Validated","Children","0-14 years","Serious"
"C_A21","2013-15","Moving average","41.3333333333333","34.0582549162983","48.6084117503683","Injuries","Number","Assault","Validated","Children","0-14 years","Serious"
"C_A21","2014-16","Moving average","41.3333333333333","34.0582549162983","48.6084117503683","Injuries","Number","Assault","Validated","Children","0-14 years","Serious"
"C_A21","2015-17","Moving average","36","29.2104855955429","42.789514404457","Injuries","Number","Assault","Validated","Children","0-14 years","Serious"
"C_A21","2016-18","Moving average","33.3333333333333","26.8001200515331","39.8665466151335","Injuries","Number","Assault","Validated","Children","0-14 years","Serious"
"C_A22","2000-02","Moving average","5.6304068504809","4.72625403881656","6.53455966214524","Per 100,000 people","Age-standardised rate","Assault","Validated","Children","0-14 years","Serious"
"C_A22","2001-03","Moving average","5.34708946863871","4.46760771636822","6.2265712209092","Per 100,000 people","Age-standardised rate","Assault","Validated","Children","0-14 years","Serious"
"C_A22","2002-04","Moving average","4.87121263217848","4.0338501430443","5.70857512131266","Per 100,000 people","Age-standardised rate","Assault","Validated","Children","0-14 years","Serious"
"C_A22","2003-05","Moving average","4.46920130706469","3.66956678752013","5.26883582660926","Per 100,000 people","Age-standardised rate","Assault","Validated","Children","0-14 years","Serious"
"C_A22","2004-06","Moving average","5.10807025104108","4.25270525039071","5.96343525169146","Per 100,000 people","Age-standardised rate","Assault","Validated","Children","0-14 years","Serious"
"C_A22","2005-07","Moving average","5.06031412312715","4.20979564903355","5.91083259722075","Per 100,000 people","Age-standardised rate","Assault","Validated","Children","0-14 years","Serious"
"C_A22","2006-08","Moving average","4.66437975554447","3.85286806743615","5.47589144365279","Per 100,000 people","Age-standardised rate","Assault","Validated","Children","0-14 years","Serious"
"C_A22","2007-09","Moving average","5.27592251016727","4.41935804017825","6.13248698015629","Per 100,000 people","Age-standardised rate","Assault","Validated","Children","0-14 years","Serious"
"C_A22","2008-10","Moving average","5.63629393784021","4.7561442527106","6.51644362296983","Per 100,000 people","Age-standardised rate","Assault","Validated","Children","0-14 years","Serious"
"C_A22","2009-11","Moving average","5.87088670164473","4.97864316729678","6.76313023599269","Per 100,000 people","Age-standardised rate","Assault","Validated","Children","0-14 years","Serious"
"C_A22","2010-12","Moving average","4.84489344795318","4.03449720538049","5.65528969052586","Per 100,000 people","Age-standardised rate","Assault","Validated","Children","0-14 years","Serious"
"C_A22","2011-13","Moving average","3.93858691606285","3.20736966671868","4.66980416540702","Per 100,000 people","Age-standardised rate","Assault","Validated","Children","0-14 years","Serious"
"C_A22","2012-14","Moving average","4.35248445490548","3.5816111262467","5.12335778356426","Per 100,000 people","Age-standardised rate","Assault","Validated","Children","0-14 years","Serious"
"C_A22","2013-15","Moving average","4.39556091652394","3.62058815930372","5.17053367374415","Per 100,000 people","Age-standardised rate","Assault","Validated","Children","0-14 years","Serious"
"C_A22","2014-16","Moving average","4.42087234409207","3.64151779654419","5.20022689163995","Per 100,000 people","Age-standardised rate","Assault","Validated","Children","0-14 years","Serious"
"C_A22","2015-17","Moving average","3.83920031733373","3.11411037725323","4.56429025741423","Per 100,000 people","Age-standardised rate","Assault","Validated","Children","0-14 years","Serious"
"C_A22","2016-18","Moving average","3.5372140442194","2.84316420446885","4.23126388396996","Per 100,000 people","Age-standardised rate","Assault","Validated","Children","0-14 years","Serious"
"C_IN21","2000-02","Moving average","55","46.6079355909252","63.3920644090747","Injuries","Number","Intentional","Validated","Children","0-14 years","Serious"
"C_IN21","2001-03","Moving average","52.6666666666666","44.4545449103192","60.8787884230141","Injuries","Number","Intentional","Validated","Children","0-14 years","Serious"
"C_IN21","2002-04","Moving average","49","41.0788998614668","56.9211001385332","Injuries","Number","Intentional","Validated","Children","0-14 years","Serious"
"C_IN21","2003-05","Moving average","47.3333333333333","39.5481112032078","55.1185554634588","Injuries","Number","Intentional","Validated","Children","0-14 years","Serious"
"C_IN21","2004-06","Moving average","54.3333333333333","45.992284986132","62.6743816805346","Injuries","Number","Intentional","Validated","Children","0-14 years","Serious"
"C_IN21","2005-07","Moving average","54.3333333333333","45.992284986132","62.6743816805346","Injuries","Number","Intentional","Validated","Children","0-14 years","Serious"
"C_IN21","2006-08","Moving average","52.3333333333333","44.1472405545273","60.5194261121393","Injuries","Number","Intentional","Validated","Children","0-14 years","Serious"
"C_IN21","2007-09","Moving average","59.3333333333333","50.6169396468267","68.0497270198399","Injuries","Number","Intentional","Validated","Children","0-14 years","Serious"
"C_IN21","2008-10","Moving average","64.6666666666666","55.5669535380097","73.7663797953235","Injuries","Number","Intentional","Validated","Children","0-14 years","Serious"
"C_IN21","2009-11","Moving average","68.3333333333333","58.9791954596298","77.6874712070369","Injuries","Number","Intentional","Validated","Children","0-14 years","Serious"
"C_IN21","2010-12","Moving average","61.3333333333333","52.4712516678722","70.1954149987944","Injuries","Number","Intentional","Validated","Children","0-14 years","Serious"
"C_IN21","2011-13","Moving average","51","42.9188614693349","59.0811385306651","Injuries","Number","Intentional","Validated","Children","0-14 years","Serious"
"C_IN21","2012-14","Moving average","56.6666666666666","48.1483987185839","65.1849346147494","Injuries","Number","Intentional","Validated","Children","0-14 years","Serious"
"C_IN21","2013-15","Moving average","56.3333333333333","47.8401560669931","64.8265105996735","Injuries","Number","Intentional","Validated","Children","0-14 years","Serious"
"C_IN21","2014-16","Moving average","60.6666666666666","51.8528800837278","69.4804532496055","Injuries","Number","Intentional","Validated","Children","0-14 years","Serious"
